family,label,seed,delta_phi_mae,delta_phi_rmse,all_negatives_tie_aware_ranking_acc,all_negatives_mean_margin,coarse_action_cf_ranking_acc,coarse_action_cf_mean_margin,temporal_diagnostic_ranking_acc,temporal_diagnostic_mean_margin,reverse_mean_margin,reverse_ranking_acc,run_dir,scaled_0.25_mean_margin,scaled_0.25_ranking_acc,scaled_1.75_mean_margin,scaled_1.75_ranking_acc,shuffle_mean_margin,shuffle_ranking_acc,wrong_arm_mean_margin,wrong_arm_ranking_acc,zero_mean_margin,zero_ranking_acc
main,mvp1_v1,42,0.015693882293227567,0.031787326398691106,0.5802863832853026,0.0008100991835817695,0.6170073847262247,0.001226431983627073,0.5068443804034581,-2.2566244737526957e-05,1.0470585274893886e-06,0.5118876080691642,outputs/gm100_mvp1_joint_flow/seed_42/mvp1_joint_flow,0.0017832263744562349,0.6761527377521613,0.0009878839953917935,0.6586815561959655,-4.61795480025433e-05,0.5018011527377522,-0.00023321208667536117,0.4584834293948127,0.002367829651335625,0.6747118155619597
main,mvp1_v1,43,0.02026593929672646,0.0353770683863636,0.5086305235350624,0.00011852348688989878,0.5120452089337175,0.00016326355708961614,0.5018011527377522,2.9043364942460305e-05,3.1885250823126744e-07,0.5000900576368876,outputs/gm100_mvp1_joint_flow/seed_43/mvp1_joint_flow,0.00020201124790358098,0.5151296829971181,7.292657945659387e-05,0.513328530259366,5.7767877376689345e-05,0.5035122478386167,0.00011863807143820638,0.5059438040345822,0.0002594783295600833,0.513778818443804
main,mvp1_v1,44,0.02059360958890109,0.03448589629292399,0.6139529298751201,0.0018280795775353909,0.6720776296829971,0.0027132522086149905,0.497703530259366,5.773456296843265e-05,2.9083969398946516e-07,0.49270533141210376,outputs/gm100_mvp1_joint_flow/seed_44/mvp1_joint_flow,0.003331635058428072,0.7404538904899135,0.00028274613278260404,0.5389949567723343,0.00011517828624287582,0.5027017291066282,0.002792533066376013,0.6657961095100865,0.004446094576873272,0.7430655619596542
main,mvp1_v2,42,0.015514916375176095,0.033596807117112534,0.7021944044188281,0.004413394257426262,0.8050027017291067,0.006601062205570458,0.49657780979827093,3.8058919184948574e-05,1.3494532808972797e-06,0.49081412103746397,outputs/gm100_mvp1_joint_flow_v2/seed_42/mvp1_joint_flow,0.008736625050230795,0.9768551873198847,0.0013392731102494797,0.5634906340057637,7.476838508899987e-05,0.5023414985590778,0.006808906320216784,0.7188400576368876,0.009519444341584771,0.9608249279538905
main,mvp1_v2,43,0.01199507858702827,0.028797783462858866,0.6602275456292027,0.002521393820643425,0.7390354827089337,0.003741366792309517,0.5026116714697406,8.144768767504382e-05,3.1876771292120474e-06,0.49972982708933716,outputs/gm100_mvp1_joint_flow_v2/seed_43/mvp1_joint_flow,0.00490360186882827,0.8860770893371758,0.00019721140090633795,0.5113472622478387,0.00015970769822087557,0.5054935158501441,0.004295828158065397,0.6968659942363112,0.005568825741438061,0.8618515850144092
main,mvp1_v2,44,0.020017564895405817,0.032371974091895295,0.7018341738712777,0.008410279639065266,0.8007474783861672,0.01251662955928885,0.5040075648414986,0.0001975811351297332,-1.072605651795263e-06,0.500450288184438,outputs/gm100_mvp1_joint_flow_v2/seed_44/mvp1_joint_flow,0.017054356618681037,0.9621757925072046,0.0024027641443602784,0.6006844380403458,0.0003962348759112617,0.5075648414985591,0.011855484958857524,0.7011887608069164,0.018753912515256564,0.9389409221902018
v3_formal,mvp1_v3_coarse,42,0.015514916375176095,0.033596807117112534,0.7021944044188281,0.004413394257426262,0.8050027017291066,0.006601062137633562,0.4965778097982709,3.805891901720315e-05,1.3494532808972797e-06,0.49081412103746397,outputs/gm100_mvp1_joint_flow_v3_coarse/seed_42/mvp1_joint_flow,0.008736625050230795,0.9768551873198847,0.0013392731102494797,0.5634906340057637,7.476838508899987e-05,0.5023414985590778,0.006808906320216784,0.7188400576368876,0.009519444341584771,0.9608249279538905
v3_formal,mvp1_v3_coarse,43,0.01199507858702827,0.028797783462858866,0.6602275456292027,0.002521393820643425,0.7390354827089337,0.0037413667887449265,0.5026116714697406,8.144768798956648e-05,3.1876771292120474e-06,0.49972982708933716,outputs/gm100_mvp1_joint_flow_v3_coarse/seed_43/mvp1_joint_flow,0.00490360186882827,0.8860770893371758,0.00019721140090633795,0.5113472622478387,0.00015970769822087557,0.5054935158501441,0.004295828158065397,0.6968659942363112,0.005568825741438061,0.8618515850144092
v3_formal,mvp1_v3_coarse,44,0.020017564895405817,0.032371974091895295,0.7018341738712777,0.008410279639065266,0.8007474783861671,0.012516628950834274,0.5040075648414986,0.00019758114649448544,-1.072605651795263e-06,0.500450288184438,outputs/gm100_mvp1_joint_flow_v3_coarse/seed_44/mvp1_joint_flow,0.017054356618681037,0.9621757925072046,0.0024027641443602784,0.6006844380403458,0.0003962348759112617,0.5075648414985591,0.011855484958857524,0.7011887608069164,0.018753912515256564,0.9389409221902018
ablation_seed42,cf_multi_only,42,0.08159601780393373,0.09239865006385871,0.7272304274735831,0.03689342737197876,0.8436599423631124,0.054752856492996216,0.4943713976945245,0.0011745723895728588,3.531738318588789e-05,0.489193083573487,outputs/gm100_mvp1_5_ablation/cf_multi_only/seed_42/mvp1_joint_flow,0.06893894359736465,0.9543407780979827,0.012613050098818128,0.685428674351585,0.002313827439238148,0.49954971181556196,0.06190930969740723,0.7989012968299711,0.07555011097108275,0.9359690201729106
ablation_seed42,critic_aux_only,42,0.07370642659449628,0.07728050330874744,0.6022304274735831,0.001363602583296597,0.6512968299711815,0.0020694187842309475,0.5040976224783862,-4.803020055987872e-05,3.114205809251032e-06,0.5012608069164265,outputs/gm100_mvp1_5_ablation/critic_aux_only/seed_42/mvp1_joint_flow,0.002697348749662296,0.7359510086455331,-0.0001937600224405012,0.5484510086455331,-9.917460854355815e-05,0.5069344380403458,0.0028275319459641446,0.5951008645533141,0.0029465544731315943,0.7256844380403458
ablation_seed42,phi_traj_only,42,0.04756835466354779,0.05218134100750166,0.667762367915466,0.0013808207586407661,0.7514859510086456,0.002054592827335,0.5003152017291066,3.327704325783998e-05,-7.862388894434277e-07,0.49729827089337175,outputs/gm100_mvp1_5_ablation/phi_traj_only/seed_42/mvp1_joint_flow,0.002198704577424169,0.8321325648414986,0.0009050210290360305,0.6856988472622478,6.73403254889961e-05,0.5033321325648416,0.002367719995818753,0.6752521613832853,0.002746924744537825,0.8128602305475504
ablation_seed42,v2_full,42,0.015514916375176095,0.033596807117112534,0.7021944044188281,0.004413394257426262,0.8050027017291067,0.006601062205570458,0.49657780979827093,3.8058919184948574e-05,1.3494532808972797e-06,0.49081412103746397,outputs/gm100_mvp1_5_ablation/v2_full/seed_42/mvp1_joint_flow,0.008736625050230795,0.9768551873198847,0.0013392731102494797,0.5634906340057637,7.476838508899987e-05,0.5023414985590778,0.006808906320216784,0.7188400576368876,0.009519444341584771,0.9608249279538905
ablation_seed42,v3_coarse,42,0.015514916375176095,0.033596807117112534,0.7021944044188281,0.004413394257426262,0.8050027017291066,0.006601062137633562,0.4965778097982709,3.805891901720315e-05,1.3494532808972797e-06,0.49081412103746397,outputs/gm100_mvp1_5_ablation/v3_coarse/seed_42/mvp1_joint_flow,0.008736625050230795,0.9768551873198847,0.0013392731102494797,0.5634906340057637,7.476838508899987e-05,0.5023414985590778,0.006808906320216784,0.7188400576368876,0.009519444341584771,0.9608249279538905
sweep_seed42,cf_1p0,42,0.01934482226509236,0.03377298733745915,0.7930625600384246,0.01920994371175766,0.9082762968299711,0.02657366171479225,0.5626350864553314,0.0044825091026723385,0.00041482405839702625,0.5165706051873199,outputs/gm100_mvp1_5_sweep/cf_1p0/seed_42/mvp1_joint_flow,0.028422263716461584,0.9246217579250721,0.02117818273408996,0.8597802593659942,0.00855019441550807,0.608699567723343,0.028271940536629302,0.9240814121037464,0.028422263716461584,0.9246217579250721
sweep_seed42,critic_w2,42,0.013446521020181724,0.03016963603549636,0.6870046829971181,0.0030605157371610403,0.7797640489913544,0.004589761141687632,0.5014859510086456,2.024509512921213e-06,2.4442314385015097e-06,0.497928674351585,outputs/gm100_mvp1_5_sweep/critic_w2/seed_42/mvp1_joint_flow,0.005944646388089005,0.9274135446685879,0.0011092417878306791,0.5805115273775217,1.6047856307478478e-06,0.5050432276657061,0.004656849312344405,0.7169488472622478,0.006648307460778251,0.8941822766570605
sweep_seed42,phi_w20,42,0.013002165566283742,0.02968440775677079,0.6715297790585975,0.001292280270718038,0.764499279538905,0.0019358928548172116,0.48559077809798273,5.0546018428576645e-06,-1.5118061893643751e-06,0.46884005763688763,outputs/gm100_mvp1_5_sweep/phi_w20/seed_42/mvp1_joint_flow,0.0027347695373799866,0.9469560518731989,0.00022509043993661852,0.45902377521613835,1.1621011214422046e-05,0.5023414985590778,0.0017619271553322802,0.7239733429394812,0.00302178438592525,0.9280439481268011
sweep_seed42,steps_8,42,0.015548783771853735,0.03220847536253594,0.7007985110470701,0.0032104153651744127,0.8025936599423631,0.004789775237441063,0.4972082132564842,5.169658470549621e-05,1.0699392544637067e-06,0.49027377521613835,outputs/gm100_mvp1_5_sweep/steps_8/seed_42/mvp1_joint_flow,0.005981995880815821,0.9726224783861671,0.0010511100421621402,0.5680835734870316,0.0001023232311839694,0.50414265129683,0.00508512688648212,0.7175792507204611,0.00704086726496663,0.9520893371757925
